{
    "status": true,
    "time_to_process": 2123213,
    "routes": {
        "Moti Karpe": [
            [
                13.09,
                80.28
            ],
            [
                13.09,
                80.28
            ],
            [
                13.153052,
                80.247579
            ],
            [
                13.156959,
                80.240986
            ],
            [
                13.170914,
                80.21519
            ],
            [
                13.172109,
                80.235598
            ],
            [
                13.165338,
                80.243058
            ],
            [
                13.167007,
                80.245859
            ],
            [
                13.173705,
                80.257037
            ],
            [
                13.19283,
                80.269619
            ],
            [
                13.198362,
                80.272729
            ],
            [
                13.198362,
                80.272729
            ],
            [
                13.184588,
                80.308629
            ],
            [
                13.156614,
                80.26875
            ]
        ],
        "Umar Bhai D'Alia": [
            [
                13.09,
                80.28
            ],
            [
                13.127521,
                80.268495
            ],
            [
                13.132161,
                80.263456
            ],
            [
                13.146366,
                80.256296
            ],
            [
                13.145962,
                80.246838
            ],
            [
                13.127385,
                80.245111
            ],
            [
                13.127193,
                80.251628
            ],
            [
                13.131853,
                80.25426
            ],
            [
                13.132208,
                80.254199
            ],
            [
                13.130787,
                80.25991
            ],
            [
                13.125277,
                80.263523
            ],
            [
                13.122247,
                80.264328
            ],
            [
                13.09,
                80.28
            ]
        ],
        "Naseer Lal Beharry": [
            [
                13.09,
                80.28
            ],
            [
                13.09,
                80.28
            ],
            [
                13.100222,
                80.165757
            ],
            [
                13.117873,
                80.166199
            ]
        ],
        "Radhe Kailash Char": [
            [
                13.09,
                80.28
            ],
            [
                13.09,
                80.28
            ],
            [
                13.063823,
                80.269555
            ],
            [
                13.049414,
                80.267866
            ],
            [
                13.048553,
                80.272287
            ],
            [
                13.03177,
                80.269497
            ],
            [
                13.043385,
                80.254605
            ],
            [
                13.050706,
                80.249301
            ],
            [
                13.055764,
                80.25866
            ],
            [
                13.065361,
                80.266541
            ],
            [
                13.065777,
                80.267866
            ]
        ],
        "Hari Rao Mangal": [
            [
                13.09,
                80.28
            ],
            [
                13.070944,
                80.228525
            ],
            [
                13.073743,
                80.208413
            ],
            [
                13.058644,
                80.20546
            ],
            [
                13.048768,
                80.219022
            ],
            [
                13.063922,
                80.225164
            ],
            [
                13.09,
                80.28
            ]
        ],
        "Owais Rao Nath": [
            [
                13.09,
                80.28
            ],
            [
                13.06872,
                80.276393
            ],
            [
                13.066453,
                80.283041
            ],
            [
                13.086875,
                80.284528
            ],
            [
                13.100979,
                80.293995
            ],
            [
                13.095486,
                80.276707
            ],
            [
                13.09,
                80.28
            ]
        ],
        "Prabhat Matthai": [
            [
                13.09,
                80.28
            ],
            [
                13.110647,
                80.232485
            ],
            [
                13.108401,
                80.222337
            ],
            [
                13.100867,
                80.221715
            ],
            [
                13.100387,
                80.225656
            ],
            [
                13.100387,
                80.226641
            ],
            [
                13.100387,
                80.230089
            ],
            [
                13.096201,
                80.228363
            ],
            [
                13.090603,
                80.223427
            ],
            [
                13.091751,
                80.231075
            ],
            [
                13.093385,
                80.230517
            ],
            [
                13.097638,
                80.232946
            ],
            [
                13.09,
                80.28
            ]
        ],
        "Sharad Moti": [
            [
                13.09,
                80.28
            ],
            [
                13.111422,
                80.212356
            ],
            [
                13.108832,
                80.20112
            ],
            [
                13.113341,
                80.206445
            ],
            [
                13.127733,
                80.214819
            ],
            [
                13.136814,
                80.213054
            ],
            [
                13.13463,
                80.21691
            ],
            [
                13.128824,
                80.217526
            ],
            [
                13.120057,
                80.225164
            ],
            [
                13.126261,
                80.232007
            ],
            [
                13.09,
                80.28
            ]
        ],